<?xml version="1.0" encoding="UTF-8"?>
<root>
  <item name="com.mapbox.mapboxsdk.annotations.ArrowDirection ArrowDirection(int) 0">
    <annotation name="android.support.annotation.IntDef">
      <val name="value" val="{com.mapbox.mapboxsdk.annotations.ArrowDirection.LEFT, com.mapbox.mapboxsdk.annotations.ArrowDirection.RIGHT, com.mapbox.mapboxsdk.annotations.ArrowDirection.TOP, com.mapbox.mapboxsdk.annotations.ArrowDirection.BOTTOM}" />
    </annotation>
  </item>
  <item name="com.mapbox.mapboxsdk.annotations.ArrowDirection int getValue()">
    <annotation name="android.support.annotation.IntDef">
      <val name="value" val="{com.mapbox.mapboxsdk.annotations.ArrowDirection.LEFT, com.mapbox.mapboxsdk.annotations.ArrowDirection.RIGHT, com.mapbox.mapboxsdk.annotations.ArrowDirection.TOP, com.mapbox.mapboxsdk.annotations.ArrowDirection.BOTTOM}" />
    </annotation>
  </item>
  <item name="com.mapbox.mapboxsdk.annotations.ArrowDirection value">
    <annotation name="android.support.annotation.IntDef">
      <val name="value" val="{com.mapbox.mapboxsdk.annotations.ArrowDirection.LEFT, com.mapbox.mapboxsdk.annotations.ArrowDirection.RIGHT, com.mapbox.mapboxsdk.annotations.ArrowDirection.TOP, com.mapbox.mapboxsdk.annotations.ArrowDirection.BOTTOM}" />
    </annotation>
  </item>
</root>

