<?xml version="1.0" encoding="UTF-8"?>
<root>
  <item name="com.mapbox.mapboxsdk.log.Logger logLevel">
    <annotation name="android.support.annotation.IntDef">
      <val name="value" val="{com.mapbox.mapboxsdk.log.Logger.VERBOSE, com.mapbox.mapboxsdk.log.Logger.DEBUG, com.mapbox.mapboxsdk.log.Logger.INFO, com.mapbox.mapboxsdk.log.Logger.WARN, com.mapbox.mapboxsdk.log.Logger.ERROR, com.mapbox.mapboxsdk.log.Logger.NONE}" />
    </annotation>
  </item>
  <item name="com.mapbox.mapboxsdk.log.Logger void setVerbosity(int) 0">
    <annotation name="android.support.annotation.IntDef">
      <val name="value" val="{com.mapbox.mapboxsdk.log.Logger.VERBOSE, com.mapbox.mapboxsdk.log.Logger.DEBUG, com.mapbox.mapboxsdk.log.Logger.INFO, com.mapbox.mapboxsdk.log.Logger.WARN, com.mapbox.mapboxsdk.log.Logger.ERROR, com.mapbox.mapboxsdk.log.Logger.NONE}" />
    </annotation>
  </item>
  <item name="com.mapbox.mapboxsdk.log.Logger.LogLevel">
    <annotation name="android.support.annotation.IntDef">
      <val name="value" val="{com.mapbox.mapboxsdk.log.Logger.VERBOSE, com.mapbox.mapboxsdk.log.Logger.DEBUG, com.mapbox.mapboxsdk.log.Logger.INFO, com.mapbox.mapboxsdk.log.Logger.WARN, com.mapbox.mapboxsdk.log.Logger.ERROR, com.mapbox.mapboxsdk.log.Logger.NONE}" />
    </annotation>
  </item>
</root>

