<?xml version="1.0" encoding="UTF-8"?>
<root>
  <item name="com.mapbox.mapboxsdk.module.telemetry.MapEventFactory com.mapbox.mapboxsdk.module.telemetry.OfflineDownloadEndEvent buildOfflineDownloadCompleteEvent(com.mapbox.mapboxsdk.module.telemetry.PhoneState, java.lang.String, java.lang.Double, java.lang.Double, java.lang.String, long, long, int) 7">
    <annotation name="android.support.annotation.IntDef">
      <val name="value" val="{com.mapbox.mapboxsdk.offline.OfflineRegion.STATE_INACTIVE, com.mapbox.mapboxsdk.offline.OfflineRegion.STATE_ACTIVE}" />
    </annotation>
  </item>
  <item name="com.mapbox.mapboxsdk.module.telemetry.OfflineDownloadEndEvent void setState(int) 0">
    <annotation name="android.support.annotation.IntDef">
      <val name="value" val="{com.mapbox.mapboxsdk.offline.OfflineRegion.STATE_INACTIVE, com.mapbox.mapboxsdk.offline.OfflineRegion.STATE_ACTIVE}" />
    </annotation>
  </item>
</root>

