<?xml version="1.0" encoding="UTF-8"?>
<root>
  <item name="com.mapbox.mapboxsdk.maps.CameraChangeDispatcher.CameraChangeHandler void scheduleMessage(int) 0">
    <annotation name="android.support.annotation.IntDef">
      <val name="value" val="{com.mapbox.mapboxsdk.maps.CameraChangeDispatcher.MOVE_STARTED, com.mapbox.mapboxsdk.maps.CameraChangeDispatcher.MOVE, com.mapbox.mapboxsdk.maps.CameraChangeDispatcher.MOVE_CANCELED, com.mapbox.mapboxsdk.maps.CameraChangeDispatcher.IDLE}" />
    </annotation>
  </item>
  <item name="com.mapbox.mapboxsdk.maps.MapboxMap void setStyle(java.lang.String) 0">
    <annotation name="android.support.annotation.StringDef">
      <val name="value" val="{com.mapbox.mapboxsdk.maps.Style.MAPBOX_STREETS, com.mapbox.mapboxsdk.maps.Style.OUTDOORS, com.mapbox.mapboxsdk.maps.Style.LIGHT, com.mapbox.mapboxsdk.maps.Style.DARK, com.mapbox.mapboxsdk.maps.Style.SATELLITE, com.mapbox.mapboxsdk.maps.Style.SATELLITE_STREETS, com.mapbox.mapboxsdk.maps.Style.TRAFFIC_DAY, com.mapbox.mapboxsdk.maps.Style.TRAFFIC_NIGHT}" />
    </annotation>
  </item>
  <item name="com.mapbox.mapboxsdk.maps.MapboxMap void setStyle(java.lang.String, com.mapbox.mapboxsdk.maps.Style.OnStyleLoaded) 0">
    <annotation name="android.support.annotation.StringDef">
      <val name="value" val="{com.mapbox.mapboxsdk.maps.Style.MAPBOX_STREETS, com.mapbox.mapboxsdk.maps.Style.OUTDOORS, com.mapbox.mapboxsdk.maps.Style.LIGHT, com.mapbox.mapboxsdk.maps.Style.DARK, com.mapbox.mapboxsdk.maps.Style.SATELLITE, com.mapbox.mapboxsdk.maps.Style.SATELLITE_STREETS, com.mapbox.mapboxsdk.maps.Style.TRAFFIC_DAY, com.mapbox.mapboxsdk.maps.Style.TRAFFIC_NIGHT}" />
    </annotation>
  </item>
  <item name="com.mapbox.mapboxsdk.maps.Style.StyleUrl">
    <annotation name="android.support.annotation.StringDef">
      <val name="value" val="{com.mapbox.mapboxsdk.maps.Style.MAPBOX_STREETS, com.mapbox.mapboxsdk.maps.Style.OUTDOORS, com.mapbox.mapboxsdk.maps.Style.LIGHT, com.mapbox.mapboxsdk.maps.Style.DARK, com.mapbox.mapboxsdk.maps.Style.SATELLITE, com.mapbox.mapboxsdk.maps.Style.SATELLITE_STREETS, com.mapbox.mapboxsdk.maps.Style.TRAFFIC_DAY, com.mapbox.mapboxsdk.maps.Style.TRAFFIC_NIGHT}" />
    </annotation>
  </item>
</root>

